{"cameraMode":{"drawMode":0,"name":"Shaded","section":"Shading Mode"},"sceneLighting":false,"audioPlay":false,"sceneViewState":{"showFog":true,"showMaterialUpdate":false,"showSkybox":false,"showFlares":true,"showImageEffects":true,"showParticleSystems":true},"in2DMode":false,"pivot":{"x":0.00026638805866241455,"y":-0.01000000536441803,"z":-0.00017799437046051025},"rotation":{"x":-0.24703727662563325,"y":-0.11425315588712692,"z":0.029324261471629144,"w":-0.9618520736694336},"size":0.8002074956893921,"orthographic":false}