{"cameraMode":{"drawMode":0,"name":"Shaded","section":"Shading Mode"},"sceneLighting":true,"audioPlay":false,"sceneViewState":{"showFog":true,"showMaterialUpdate":false,"showSkybox":true,"showFlares":true,"showImageEffects":true,"showParticleSystems":true},"in2DMode":false,"pivot":{"x":6.10882043838501,"y":-3.384126663208008,"z":1.6478195190429688},"rotation":{"x":-0.2354801893234253,"y":-0.379326194524765,"z":0.10050175338983536,"w":-0.8891999125480652},"size":21.383991241455079,"orthographic":false}