{"cameraMode":{"drawMode":0,"name":"Shaded","section":"Shading Mode"},"sceneLighting":false,"audioPlay":false,"sceneViewState":{"showFog":true,"showMaterialUpdate":false,"showSkybox":false,"showFlares":true,"showImageEffects":true,"showParticleSystems":true},"in2DMode":false,"pivot":{"x":0.2914852499961853,"y":1.2580000162124634,"z":-0.19000013172626496},"rotation":{"x":-0.24703727662563325,"y":-0.11425315588712692,"z":0.029324261471629144,"w":-0.9618520736694336},"size":0.2622048854827881,"orthographic":false}